--
-- PostgreSQL database dump
--

-- Dumped from database version 15.12 (Debian 15.12-1.pgdg120+1)
-- Dumped by pg_dump version 15.12 (Debian 15.12-1.pgdg120+1)

SET statement_timeout = 0;
SET lock_timeout = 0;
SET idle_in_transaction_session_timeout = 0;
SET client_encoding = 'UTF8';
SET standard_conforming_strings = on;
SELECT pg_catalog.set_config('search_path', '', false);
SET check_function_bodies = false;
SET xmloption = content;
SET client_min_messages = warning;
SET row_security = off;

SET default_tablespace = '';

SET default_table_access_method = heap;

--
-- Name: auth_group; Type: TABLE; Schema: public; Owner: laba2_user
--

CREATE TABLE public.auth_group (
    id integer NOT NULL,
    name character varying(150) NOT NULL
);


ALTER TABLE public.auth_group OWNER TO laba2_user;

--
-- Name: auth_group_id_seq; Type: SEQUENCE; Schema: public; Owner: laba2_user
--

ALTER TABLE public.auth_group ALTER COLUMN id ADD GENERATED BY DEFAULT AS IDENTITY (
    SEQUENCE NAME public.auth_group_id_seq
    START WITH 1
    INCREMENT BY 1
    NO MINVALUE
    NO MAXVALUE
    CACHE 1
);


--
-- Name: auth_group_permissions; Type: TABLE; Schema: public; Owner: laba2_user
--

CREATE TABLE public.auth_group_permissions (
    id bigint NOT NULL,
    group_id integer NOT NULL,
    permission_id integer NOT NULL
);


ALTER TABLE public.auth_group_permissions OWNER TO laba2_user;

--
-- Name: auth_group_permissions_id_seq; Type: SEQUENCE; Schema: public; Owner: laba2_user
--

ALTER TABLE public.auth_group_permissions ALTER COLUMN id ADD GENERATED BY DEFAULT AS IDENTITY (
    SEQUENCE NAME public.auth_group_permissions_id_seq
    START WITH 1
    INCREMENT BY 1
    NO MINVALUE
    NO MAXVALUE
    CACHE 1
);


--
-- Name: auth_permission; Type: TABLE; Schema: public; Owner: laba2_user
--

CREATE TABLE public.auth_permission (
    id integer NOT NULL,
    name character varying(255) NOT NULL,
    content_type_id integer NOT NULL,
    codename character varying(100) NOT NULL
);


ALTER TABLE public.auth_permission OWNER TO laba2_user;

--
-- Name: auth_permission_id_seq; Type: SEQUENCE; Schema: public; Owner: laba2_user
--

ALTER TABLE public.auth_permission ALTER COLUMN id ADD GENERATED BY DEFAULT AS IDENTITY (
    SEQUENCE NAME public.auth_permission_id_seq
    START WITH 1
    INCREMENT BY 1
    NO MINVALUE
    NO MAXVALUE
    CACHE 1
);


--
-- Name: django_admin_log; Type: TABLE; Schema: public; Owner: laba2_user
--

CREATE TABLE public.django_admin_log (
    id integer NOT NULL,
    action_time timestamp with time zone NOT NULL,
    object_id text,
    object_repr character varying(200) NOT NULL,
    action_flag smallint NOT NULL,
    change_message text NOT NULL,
    content_type_id integer,
    user_id bigint NOT NULL,
    CONSTRAINT django_admin_log_action_flag_check CHECK ((action_flag >= 0))
);


ALTER TABLE public.django_admin_log OWNER TO laba2_user;

--
-- Name: django_admin_log_id_seq; Type: SEQUENCE; Schema: public; Owner: laba2_user
--

ALTER TABLE public.django_admin_log ALTER COLUMN id ADD GENERATED BY DEFAULT AS IDENTITY (
    SEQUENCE NAME public.django_admin_log_id_seq
    START WITH 1
    INCREMENT BY 1
    NO MINVALUE
    NO MAXVALUE
    CACHE 1
);


--
-- Name: django_content_type; Type: TABLE; Schema: public; Owner: laba2_user
--

CREATE TABLE public.django_content_type (
    id integer NOT NULL,
    app_label character varying(100) NOT NULL,
    model character varying(100) NOT NULL
);


ALTER TABLE public.django_content_type OWNER TO laba2_user;

--
-- Name: django_content_type_id_seq; Type: SEQUENCE; Schema: public; Owner: laba2_user
--

ALTER TABLE public.django_content_type ALTER COLUMN id ADD GENERATED BY DEFAULT AS IDENTITY (
    SEQUENCE NAME public.django_content_type_id_seq
    START WITH 1
    INCREMENT BY 1
    NO MINVALUE
    NO MAXVALUE
    CACHE 1
);


--
-- Name: django_migrations; Type: TABLE; Schema: public; Owner: laba2_user
--

CREATE TABLE public.django_migrations (
    id bigint NOT NULL,
    app character varying(255) NOT NULL,
    name character varying(255) NOT NULL,
    applied timestamp with time zone NOT NULL
);


ALTER TABLE public.django_migrations OWNER TO laba2_user;

--
-- Name: django_migrations_id_seq; Type: SEQUENCE; Schema: public; Owner: laba2_user
--

ALTER TABLE public.django_migrations ALTER COLUMN id ADD GENERATED BY DEFAULT AS IDENTITY (
    SEQUENCE NAME public.django_migrations_id_seq
    START WITH 1
    INCREMENT BY 1
    NO MINVALUE
    NO MAXVALUE
    CACHE 1
);


--
-- Name: django_session; Type: TABLE; Schema: public; Owner: laba2_user
--

CREATE TABLE public.django_session (
    session_key character varying(40) NOT NULL,
    session_data text NOT NULL,
    expire_date timestamp with time zone NOT NULL
);


ALTER TABLE public.django_session OWNER TO laba2_user;

--
-- Name: web_column; Type: TABLE; Schema: public; Owner: laba2_user
--

CREATE TABLE public.web_column (
    id bigint NOT NULL,
    name character varying(100) NOT NULL
);


ALTER TABLE public.web_column OWNER TO laba2_user;

--
-- Name: web_column_id_seq; Type: SEQUENCE; Schema: public; Owner: laba2_user
--

ALTER TABLE public.web_column ALTER COLUMN id ADD GENERATED BY DEFAULT AS IDENTITY (
    SEQUENCE NAME public.web_column_id_seq
    START WITH 1
    INCREMENT BY 1
    NO MINVALUE
    NO MAXVALUE
    CACHE 1
);


--
-- Name: web_columnproject; Type: TABLE; Schema: public; Owner: laba2_user
--

CREATE TABLE public.web_columnproject (
    id bigint NOT NULL,
    column_id bigint NOT NULL,
    project_id bigint NOT NULL
);


ALTER TABLE public.web_columnproject OWNER TO laba2_user;

--
-- Name: web_columnproject_id_seq; Type: SEQUENCE; Schema: public; Owner: laba2_user
--

ALTER TABLE public.web_columnproject ALTER COLUMN id ADD GENERATED BY DEFAULT AS IDENTITY (
    SEQUENCE NAME public.web_columnproject_id_seq
    START WITH 1
    INCREMENT BY 1
    NO MINVALUE
    NO MAXVALUE
    CACHE 1
);


--
-- Name: web_columntask; Type: TABLE; Schema: public; Owner: laba2_user
--

CREATE TABLE public.web_columntask (
    id bigint NOT NULL,
    column_id bigint NOT NULL,
    task_id bigint NOT NULL
);


ALTER TABLE public.web_columntask OWNER TO laba2_user;

--
-- Name: web_columntask_id_seq; Type: SEQUENCE; Schema: public; Owner: laba2_user
--

ALTER TABLE public.web_columntask ALTER COLUMN id ADD GENERATED BY DEFAULT AS IDENTITY (
    SEQUENCE NAME public.web_columntask_id_seq
    START WITH 1
    INCREMENT BY 1
    NO MINVALUE
    NO MAXVALUE
    CACHE 1
);


--
-- Name: web_customuser; Type: TABLE; Schema: public; Owner: laba2_user
--

CREATE TABLE public.web_customuser (
    id bigint NOT NULL,
    password character varying(128) NOT NULL,
    last_login timestamp with time zone,
    is_superuser boolean NOT NULL,
    username character varying(256) NOT NULL,
    email character varying(254) NOT NULL,
    fio character varying(256) NOT NULL,
    image character varying(100),
    "position" character varying(256) NOT NULL,
    phone character varying(20),
    role character varying(10) NOT NULL,
    is_active boolean NOT NULL,
    is_staff boolean NOT NULL
);


ALTER TABLE public.web_customuser OWNER TO laba2_user;

--
-- Name: web_customuser_groups; Type: TABLE; Schema: public; Owner: laba2_user
--

CREATE TABLE public.web_customuser_groups (
    id bigint NOT NULL,
    customuser_id bigint NOT NULL,
    group_id integer NOT NULL
);


ALTER TABLE public.web_customuser_groups OWNER TO laba2_user;

--
-- Name: web_customuser_groups_id_seq; Type: SEQUENCE; Schema: public; Owner: laba2_user
--

ALTER TABLE public.web_customuser_groups ALTER COLUMN id ADD GENERATED BY DEFAULT AS IDENTITY (
    SEQUENCE NAME public.web_customuser_groups_id_seq
    START WITH 1
    INCREMENT BY 1
    NO MINVALUE
    NO MAXVALUE
    CACHE 1
);


--
-- Name: web_customuser_id_seq; Type: SEQUENCE; Schema: public; Owner: laba2_user
--

ALTER TABLE public.web_customuser ALTER COLUMN id ADD GENERATED BY DEFAULT AS IDENTITY (
    SEQUENCE NAME public.web_customuser_id_seq
    START WITH 1
    INCREMENT BY 1
    NO MINVALUE
    NO MAXVALUE
    CACHE 1
);


--
-- Name: web_customuser_user_permissions; Type: TABLE; Schema: public; Owner: laba2_user
--

CREATE TABLE public.web_customuser_user_permissions (
    id bigint NOT NULL,
    customuser_id bigint NOT NULL,
    permission_id integer NOT NULL
);


ALTER TABLE public.web_customuser_user_permissions OWNER TO laba2_user;

--
-- Name: web_customuser_user_permissions_id_seq; Type: SEQUENCE; Schema: public; Owner: laba2_user
--

ALTER TABLE public.web_customuser_user_permissions ALTER COLUMN id ADD GENERATED BY DEFAULT AS IDENTITY (
    SEQUENCE NAME public.web_customuser_user_permissions_id_seq
    START WITH 1
    INCREMENT BY 1
    NO MINVALUE
    NO MAXVALUE
    CACHE 1
);


--
-- Name: web_feedback; Type: TABLE; Schema: public; Owner: laba2_user
--

CREATE TABLE public.web_feedback (
    id bigint NOT NULL,
    name character varying(100) NOT NULL,
    last_name character varying(100),
    email character varying(254) NOT NULL,
    phone character varying(20) NOT NULL,
    message text NOT NULL,
    created_at timestamp with time zone NOT NULL
);


ALTER TABLE public.web_feedback OWNER TO laba2_user;

--
-- Name: web_feedback_id_seq; Type: SEQUENCE; Schema: public; Owner: laba2_user
--

ALTER TABLE public.web_feedback ALTER COLUMN id ADD GENERATED BY DEFAULT AS IDENTITY (
    SEQUENCE NAME public.web_feedback_id_seq
    START WITH 1
    INCREMENT BY 1
    NO MINVALUE
    NO MAXVALUE
    CACHE 1
);


--
-- Name: web_project; Type: TABLE; Schema: public; Owner: laba2_user
--

CREATE TABLE public.web_project (
    id bigint NOT NULL,
    title character varying(256) NOT NULL,
    description character varying(512) NOT NULL,
    date_create timestamp with time zone NOT NULL,
    deadline timestamp with time zone NOT NULL,
    is_done boolean NOT NULL,
    manager_id bigint NOT NULL
);


ALTER TABLE public.web_project OWNER TO laba2_user;

--
-- Name: web_project_employees; Type: TABLE; Schema: public; Owner: laba2_user
--

CREATE TABLE public.web_project_employees (
    id bigint NOT NULL,
    project_id bigint NOT NULL,
    customuser_id bigint NOT NULL
);


ALTER TABLE public.web_project_employees OWNER TO laba2_user;

--
-- Name: web_project_employees_id_seq; Type: SEQUENCE; Schema: public; Owner: laba2_user
--

ALTER TABLE public.web_project_employees ALTER COLUMN id ADD GENERATED BY DEFAULT AS IDENTITY (
    SEQUENCE NAME public.web_project_employees_id_seq
    START WITH 1
    INCREMENT BY 1
    NO MINVALUE
    NO MAXVALUE
    CACHE 1
);


--
-- Name: web_project_id_seq; Type: SEQUENCE; Schema: public; Owner: laba2_user
--

ALTER TABLE public.web_project ALTER COLUMN id ADD GENERATED BY DEFAULT AS IDENTITY (
    SEQUENCE NAME public.web_project_id_seq
    START WITH 1
    INCREMENT BY 1
    NO MINVALUE
    NO MAXVALUE
    CACHE 1
);


--
-- Name: web_project_tasks; Type: TABLE; Schema: public; Owner: laba2_user
--

CREATE TABLE public.web_project_tasks (
    id bigint NOT NULL,
    project_id bigint NOT NULL,
    task_id bigint NOT NULL
);


ALTER TABLE public.web_project_tasks OWNER TO laba2_user;

--
-- Name: web_project_tasks_id_seq; Type: SEQUENCE; Schema: public; Owner: laba2_user
--

ALTER TABLE public.web_project_tasks ALTER COLUMN id ADD GENERATED BY DEFAULT AS IDENTITY (
    SEQUENCE NAME public.web_project_tasks_id_seq
    START WITH 1
    INCREMENT BY 1
    NO MINVALUE
    NO MAXVALUE
    CACHE 1
);


--
-- Name: web_task; Type: TABLE; Schema: public; Owner: laba2_user
--

CREATE TABLE public.web_task (
    id bigint NOT NULL,
    title character varying(256) NOT NULL,
    description text NOT NULL,
    priority integer NOT NULL,
    date_added timestamp with time zone NOT NULL,
    deadline timestamp with time zone NOT NULL,
    is_done boolean NOT NULL,
    user_id bigint NOT NULL
);


ALTER TABLE public.web_task OWNER TO laba2_user;

--
-- Name: web_task_id_seq; Type: SEQUENCE; Schema: public; Owner: laba2_user
--

ALTER TABLE public.web_task ALTER COLUMN id ADD GENERATED BY DEFAULT AS IDENTITY (
    SEQUENCE NAME public.web_task_id_seq
    START WITH 1
    INCREMENT BY 1
    NO MINVALUE
    NO MAXVALUE
    CACHE 1
);


--
-- Name: web_task_tags; Type: TABLE; Schema: public; Owner: laba2_user
--

CREATE TABLE public.web_task_tags (
    id bigint NOT NULL,
    task_id bigint NOT NULL,
    tasktag_id bigint NOT NULL
);


ALTER TABLE public.web_task_tags OWNER TO laba2_user;

--
-- Name: web_task_tags_id_seq; Type: SEQUENCE; Schema: public; Owner: laba2_user
--

ALTER TABLE public.web_task_tags ALTER COLUMN id ADD GENERATED BY DEFAULT AS IDENTITY (
    SEQUENCE NAME public.web_task_tags_id_seq
    START WITH 1
    INCREMENT BY 1
    NO MINVALUE
    NO MAXVALUE
    CACHE 1
);


--
-- Name: web_taskcomment; Type: TABLE; Schema: public; Owner: laba2_user
--

CREATE TABLE public.web_taskcomment (
    id bigint NOT NULL,
    date_sent timestamp with time zone NOT NULL,
    comment_text character varying(256) NOT NULL,
    author_id bigint NOT NULL,
    task_id bigint NOT NULL
);


ALTER TABLE public.web_taskcomment OWNER TO laba2_user;

--
-- Name: web_taskcomment_id_seq; Type: SEQUENCE; Schema: public; Owner: laba2_user
--

ALTER TABLE public.web_taskcomment ALTER COLUMN id ADD GENERATED BY DEFAULT AS IDENTITY (
    SEQUENCE NAME public.web_taskcomment_id_seq
    START WITH 1
    INCREMENT BY 1
    NO MINVALUE
    NO MAXVALUE
    CACHE 1
);


--
-- Name: web_taskemployee; Type: TABLE; Schema: public; Owner: laba2_user
--

CREATE TABLE public.web_taskemployee (
    id bigint NOT NULL,
    date_task_take timestamp with time zone,
    date_task_close timestamp with time zone,
    employee_id bigint NOT NULL,
    task_id bigint NOT NULL
);


ALTER TABLE public.web_taskemployee OWNER TO laba2_user;

--
-- Name: web_taskemployee_id_seq; Type: SEQUENCE; Schema: public; Owner: laba2_user
--

ALTER TABLE public.web_taskemployee ALTER COLUMN id ADD GENERATED BY DEFAULT AS IDENTITY (
    SEQUENCE NAME public.web_taskemployee_id_seq
    START WITH 1
    INCREMENT BY 1
    NO MINVALUE
    NO MAXVALUE
    CACHE 1
);


--
-- Name: web_tasktag; Type: TABLE; Schema: public; Owner: laba2_user
--

CREATE TABLE public.web_tasktag (
    id bigint NOT NULL,
    title character varying(256) NOT NULL,
    user_id bigint NOT NULL
);


ALTER TABLE public.web_tasktag OWNER TO laba2_user;

--
-- Name: web_tasktag_id_seq; Type: SEQUENCE; Schema: public; Owner: laba2_user
--

ALTER TABLE public.web_tasktag ALTER COLUMN id ADD GENERATED BY DEFAULT AS IDENTITY (
    SEQUENCE NAME public.web_tasktag_id_seq
    START WITH 1
    INCREMENT BY 1
    NO MINVALUE
    NO MAXVALUE
    CACHE 1
);


--
-- Data for Name: auth_group; Type: TABLE DATA; Schema: public; Owner: laba2_user
--

COPY public.auth_group (id, name) FROM stdin;
\.


--
-- Data for Name: auth_group_permissions; Type: TABLE DATA; Schema: public; Owner: laba2_user
--

COPY public.auth_group_permissions (id, group_id, permission_id) FROM stdin;
\.


--
-- Data for Name: auth_permission; Type: TABLE DATA; Schema: public; Owner: laba2_user
--

COPY public.auth_permission (id, name, content_type_id, codename) FROM stdin;
1	Can add log entry	1	add_logentry
2	Can change log entry	1	change_logentry
3	Can delete log entry	1	delete_logentry
4	Can view log entry	1	view_logentry
5	Can add permission	2	add_permission
6	Can change permission	2	change_permission
7	Can delete permission	2	delete_permission
8	Can view permission	2	view_permission
9	Can add group	3	add_group
10	Can change group	3	change_group
11	Can delete group	3	delete_group
12	Can view group	3	view_group
13	Can add content type	4	add_contenttype
14	Can change content type	4	change_contenttype
15	Can delete content type	4	delete_contenttype
16	Can view content type	4	view_contenttype
17	Can add session	5	add_session
18	Can change session	5	change_session
19	Can delete session	5	delete_session
20	Can view session	5	view_session
21	Can add custom user	6	add_customuser
22	Can change custom user	6	change_customuser
23	Can delete custom user	6	delete_customuser
24	Can view custom user	6	view_customuser
25	Can add task	7	add_task
26	Can change task	7	change_task
27	Can delete task	7	delete_task
28	Can view task	7	view_task
29	Can add project	8	add_project
30	Can change project	8	change_project
31	Can delete project	8	delete_project
32	Can view project	8	view_project
33	Can add task comment	9	add_taskcomment
34	Can change task comment	9	change_taskcomment
35	Can delete task comment	9	delete_taskcomment
36	Can view task comment	9	view_taskcomment
37	Can add task employee	10	add_taskemployee
38	Can change task employee	10	change_taskemployee
39	Can delete task employee	10	delete_taskemployee
40	Can view task employee	10	view_taskemployee
41	Can add task tag	11	add_tasktag
42	Can change task tag	11	change_tasktag
43	Can delete task tag	11	delete_tasktag
44	Can view task tag	11	view_tasktag
45	Can add feed back	12	add_feedback
46	Can change feed back	12	change_feedback
47	Can delete feed back	12	delete_feedback
48	Can view feed back	12	view_feedback
49	Can add column	13	add_column
50	Can change column	13	change_column
51	Can delete column	13	delete_column
52	Can view column	13	view_column
53	Can add column task	14	add_columntask
54	Can change column task	14	change_columntask
55	Can delete column task	14	delete_columntask
56	Can view column task	14	view_columntask
57	Can add column project	15	add_columnproject
58	Can change column project	15	change_columnproject
59	Can delete column project	15	delete_columnproject
60	Can view column project	15	view_columnproject
\.


--
-- Data for Name: django_admin_log; Type: TABLE DATA; Schema: public; Owner: laba2_user
--

COPY public.django_admin_log (id, action_time, object_id, object_repr, action_flag, change_message, content_type_id, user_id) FROM stdin;
1	2025-04-20 10:30:33.523136+00	1	fas	1	[{"added": {}}]	11	1
2	2025-04-20 10:30:36.56435+00	1	Task object (1)	1	[{"added": {}}]	7	1
3	2025-04-20 10:31:31.683379+00	2	First Second Last (Сотрудник)	1	[{"added": {}}]	6	1
4	2025-04-20 10:31:38.923372+00	1	Без названия, owner: Admin (Менеджер)	1	[{"added": {}}]	8	1
5	2025-04-20 10:32:28.104039+00	2	First Second Last (Сотрудник)	2	[{"changed": {"fields": ["Password"]}}]	6	1
6	2025-04-20 10:34:54.013401+00	2	First Second Last (Сотрудник)	2	[]	6	1
7	2025-04-20 10:35:43.426674+00	2	First Second Last (Сотрудник)	2	[]	6	1
8	2025-04-20 10:35:54.553335+00	2	First Second Last (Сотрудник)	2	[]	6	1
9	2025-04-20 10:46:46.565862+00	2	First Second Last (Сотрудник)	3		6	1
10	2025-04-20 11:10:56.309233+00	1	Без названия, owner: Admin (Менеджер)	3		8	1
11	2025-04-20 11:11:11.468853+00	2	Без названия, owner: Admin (Менеджер)	1	[{"added": {}}]	8	1
12	2025-04-20 11:11:51.27355+00	1	Task object (1)	2	[{"changed": {"fields": ["User"]}}]	7	1
13	2025-04-21 15:31:45.351999+00	1	TaskEmployee object (1)	1	[{"added": {}}]	10	1
14	2025-04-28 19:51:23.064132+00	1	Без названия	2	[{"changed": {"fields": ["User"]}}]	7	1
15	2025-04-29 11:37:11.703384+00	3	ptest, owner: Admin (Менеджер)	1	[{"added": {}}]	8	1
16	2025-04-29 11:42:25.547418+00	3	ptest, owner: Admin (Менеджер)	3		8	1
17	2025-04-29 11:42:25.547594+00	2	Без названия, owner: Admin (Менеджер)	3		8	1
18	2025-04-29 11:42:45.816118+00	4	ptest, owner: Admin (Менеджер)	1	[{"added": {}}]	8	1
19	2025-04-29 11:43:52.281254+00	4	First Second Last (Менеджер)	1	[{"added": {}}]	6	1
20	2025-04-29 11:44:01.042253+00	4	ptest, owner: First Second Last (Менеджер)	2	[{"changed": {"fields": ["\\u041c\\u0435\\u043d\\u0435\\u0434\\u0436\\u0435\\u0440"]}}]	8	1
21	2025-04-29 11:45:01.312813+00	4	ptest, owner: Admin (Менеджер)	2	[{"changed": {"fields": ["\\u041c\\u0435\\u043d\\u0435\\u0434\\u0436\\u0435\\u0440"]}}]	8	1
22	2025-05-01 10:03:20.5491+00	2	Задача 2	1	[{"added": {}}]	7	1
23	2025-05-01 10:03:42.728924+00	4	ptest, owner: Admin (Менеджер)	2	[{"changed": {"fields": ["\\u0417\\u0430\\u0434\\u0430\\u0447\\u0438"]}}]	8	1
24	2025-05-01 10:05:41.232805+00	5	p2, owner: First Second Last (Менеджер)	1	[{"added": {}}]	8	1
25	2025-05-01 10:06:00.687679+00	5	p2, owner: Admin (Менеджер)	2	[{"changed": {"fields": ["\\u041c\\u0435\\u043d\\u0435\\u0434\\u0436\\u0435\\u0440"]}}]	8	1
26	2025-05-01 10:06:29.675906+00	5	p2, owner: Admin (Менеджер)	2	[{"changed": {"fields": ["\\u0417\\u0430\\u0434\\u0430\\u0447\\u0438"]}}]	8	1
27	2025-05-01 10:24:34.398851+00	5	p2, owner: First Second Last (Менеджер)	2	[{"changed": {"fields": ["\\u041c\\u0435\\u043d\\u0435\\u0434\\u0436\\u0435\\u0440"]}}]	8	1
28	2025-05-01 10:24:38.940995+00	4	ptest, owner: First Second Last (Менеджер)	2	[{"changed": {"fields": ["\\u041c\\u0435\\u043d\\u0435\\u0434\\u0436\\u0435\\u0440"]}}]	8	1
29	2025-05-01 10:24:49.431607+00	5	p2, owner: First Second Last (Менеджер)	3		8	1
30	2025-05-01 10:24:49.431728+00	4	ptest, owner: First Second Last (Менеджер)	3		8	1
60	2025-05-02 08:27:45.042997+00	6	test, owner: Admin (Менеджер)	1	[{"added": {}}]	8	1
61	2025-05-02 08:29:22.45705+00	1	Без названия	2	[{"changed": {"fields": ["User"]}}]	7	1
62	2025-05-02 08:30:45.817739+00	2	Задача 2	2	[{"changed": {"fields": ["User"]}}]	7	1
63	2025-05-02 08:30:51.550632+00	1	Без названия	2	[{"changed": {"fields": ["User"]}}]	7	1
64	2025-05-02 08:31:46.597917+00	5	One Two Free (Сотрудник)	1	[{"added": {}}]	6	1
65	2025-05-02 08:31:51.084325+00	6	test, owner: Admin (Менеджер)	2	[{"changed": {"fields": ["\\u0420\\u0430\\u0431\\u043e\\u0442\\u043d\\u0438\\u043a\\u0438"]}}]	8	1
66	2025-05-02 08:31:58.001448+00	6	test, owner: Admin (Менеджер)	2	[]	8	1
67	2025-05-02 08:32:05.960227+00	6	test, owner: Admin (Менеджер)	2	[{"changed": {"fields": ["\\u0420\\u0430\\u0431\\u043e\\u0442\\u043d\\u0438\\u043a\\u0438"]}}]	8	1
68	2025-05-02 08:32:18.712318+00	6	test, owner: Admin (Менеджер)	2	[{"changed": {"fields": ["\\u0420\\u0430\\u0431\\u043e\\u0442\\u043d\\u0438\\u043a\\u0438"]}}]	8	1
69	2025-05-03 17:50:41.663445+00	5	One Two Free (Сотрудник)	3		6	1
70	2025-05-03 17:50:41.663773+00	4	First Second Last (Менеджер)	3		6	1
71	2025-05-03 17:50:41.663972+00	3	First Second Last (Сотрудник)	3		6	1
72	2025-05-03 17:50:47.755729+00	2	Задача 2	3		7	1
73	2025-05-03 17:50:47.755973+00	1	Без названия	3		7	1
74	2025-05-03 17:50:55.575814+00	1	fas	3		11	1
75	2025-05-03 17:51:04.717653+00	6	test, owner: Admin (Менеджер)	3		8	1
76	2025-05-03 17:53:08.967496+00	6	Иванов Иван Иванович (Менеджер)	1	[{"added": {}}]	6	1
77	2025-05-03 17:54:23.863019+00	7	Петров Петр Петрович (Менеджер)	1	[{"added": {}}]	6	1
78	2025-05-03 17:55:40.935687+00	8	Мальцев Максим Александрович (Сотрудник)	1	[{"added": {}}]	6	1
79	2025-05-03 17:56:19.251635+00	9	Попова Ярослава Арсентьевна (Сотрудник)	1	[{"added": {}}]	6	1
80	2025-05-03 17:57:07.901963+00	10	Медведев Алексей Саввич (Сотрудник)	1	[{"added": {}}]	6	1
81	2025-05-03 17:59:11.841118+00	2	Данные	1	[{"added": {}}]	11	1
82	2025-05-03 17:59:23.685949+00	3	Разработка БД	1	[{"added": {}}]	7	1
83	2025-05-03 18:00:08.84986+00	3	UI\\UX	1	[{"added": {}}]	11	1
84	2025-05-03 18:00:19.777664+00	4	Разработка дизайна	1	[{"added": {}}]	7	1
85	2025-05-03 18:00:24.341739+00	7	Разработка системы контроля задач, owner: Иванов Иван Иванович (Менеджер)	1	[{"added": {}}]	8	1
86	2025-05-03 18:01:33.872157+00	5	Разметка данных	1	[{"added": {}}]	7	1
87	2025-05-03 18:02:04.997225+00	6	Обучение модели	1	[{"added": {}}]	7	1
88	2025-05-03 18:02:12.332107+00	8	Разработка нейросети для анализа продуктивности сотрудников, owner: Петров Петр Петрович (Менеджер)	1	[{"added": {}}]	8	1
89	2025-05-03 18:03:03.885032+00	5	Разметка данных	2	[{"changed": {"fields": ["Is done"]}}]	7	1
90	2025-05-03 18:03:08.005249+00	3	Разработка БД	2	[]	7	1
91	2025-05-03 18:04:35.44738+00	2	TaskEmployee object (2)	1	[{"added": {}}]	10	1
92	2025-05-03 18:04:58.841451+00	3	TaskEmployee object (3)	1	[{"added": {}}]	10	1
93	2025-05-03 18:08:14.314579+00	8	Разработка нейросети для анализа продуктивности сотрудников, owner: Петров Петр Петрович (Менеджер)	2	[{"changed": {"fields": ["\\u0420\\u0430\\u0431\\u043e\\u0442\\u043d\\u0438\\u043a\\u0438"]}}]	8	1
94	2025-05-03 18:08:37.100112+00	5	Разметка данных	2	[{"changed": {"fields": ["User"]}}]	7	1
95	2025-05-03 18:08:46.91634+00	3	TaskEmployee object (3)	2	[{"changed": {"fields": ["Employee"]}}]	10	1
96	2025-05-03 18:09:19.842329+00	5	Разметка данных	2	[{"changed": {"fields": ["Is done"]}}]	7	1
\.


--
-- Data for Name: django_content_type; Type: TABLE DATA; Schema: public; Owner: laba2_user
--

COPY public.django_content_type (id, app_label, model) FROM stdin;
1	admin	logentry
2	auth	permission
3	auth	group
4	contenttypes	contenttype
5	sessions	session
6	web	customuser
7	web	task
8	web	project
9	web	taskcomment
10	web	taskemployee
11	web	tasktag
12	web	feedback
13	web	column
14	web	columntask
15	web	columnproject
\.


--
-- Data for Name: django_migrations; Type: TABLE DATA; Schema: public; Owner: laba2_user
--

COPY public.django_migrations (id, app, name, applied) FROM stdin;
1	contenttypes	0001_initial	2025-04-20 10:14:27.225443+00
2	contenttypes	0002_remove_content_type_name	2025-04-20 10:16:21.754113+00
3	auth	0001_initial	2025-04-20 10:16:21.921098+00
4	auth	0002_alter_permission_name_max_length	2025-04-20 10:16:21.947424+00
5	auth	0003_alter_user_email_max_length	2025-04-20 10:16:21.972208+00
6	auth	0004_alter_user_username_opts	2025-04-20 10:16:22.008295+00
7	auth	0005_alter_user_last_login_null	2025-04-20 10:16:22.037685+00
8	auth	0006_require_contenttypes_0002	2025-04-20 10:16:22.044358+00
9	auth	0007_alter_validators_add_error_messages	2025-04-20 10:16:22.073642+00
10	auth	0008_alter_user_username_max_length	2025-04-20 10:16:22.101666+00
11	auth	0009_alter_user_last_name_max_length	2025-04-20 10:16:22.127202+00
12	auth	0010_alter_group_name_max_length	2025-04-20 10:16:22.162163+00
13	auth	0011_update_proxy_permissions	2025-04-20 10:16:22.184585+00
14	auth	0012_alter_user_first_name_max_length	2025-04-20 10:16:22.207861+00
15	web	0001_initial	2025-04-20 10:16:22.822319+00
16	admin	0001_initial	2025-04-20 10:16:22.932975+00
17	admin	0002_logentry_remove_auto_add	2025-04-20 10:16:22.994447+00
18	admin	0003_logentry_add_action_flag_choices	2025-04-20 10:16:23.040426+00
19	sessions	0001_initial	2025-04-20 10:16:23.081042+00
20	web	0002_column_columnproject_columntask	2025-04-29 11:42:14.596537+00
21	web	0003_feedback	2025-04-29 11:42:14.620482+00
22	web	0002_alter_customuser_position	2025-04-29 11:42:14.660676+00
23	web	0004_merge_0002_alter_customuser_position_0003_feedback	2025-04-29 11:42:14.667269+00
\.


--
-- Data for Name: django_session; Type: TABLE DATA; Schema: public; Owner: laba2_user
--

COPY public.django_session (session_key, session_data, expire_date) FROM stdin;
dcbbd11twf6i9q4a8f949jntxu1uyrym	.eJxVjMsOwiAQRf-FtSEwFAZcuvcbCI9BqgaS0q6M_65NutDtPefcF_NhW6vfBi1-zuzMJDv9bjGkB7Ud5Htot85Tb-syR74r_KCDX3um5-Vw_w5qGPVbK9A42YgJpQUlYrEmobOICKQKkcqEIA1FAEcuaShJikkIQ1rFXBR7fwDAtDdT:1u99AB:2RYxqkV_S_siPAOv91cq5GNmJ8cLhumWyCNo0qTwSx4	2025-05-11 21:03:47.470559+00
5cxlb977fnawhshs8zwg980o29rwifrl	.eJxVjMsOwiAQRf-FtSEwFAZcuvcbCI9BqgaS0q6M_65NutDtPefcF_NhW6vfBi1-zuzMJDv9bjGkB7Ud5Htot85Tb-syR74r_KCDX3um5-Vw_w5qGPVbK9A42YgJpQUlYrEmobOICKQKkcqEIA1FAEcuaShJikkIQ1rFXBR7fwDAtDdT:1uAlmf:FgafLPGlA8LekH2-oSAp052So29tEdleDJ_3jL2AJrc	2025-05-16 08:30:13.932179+00
3hyallzvmktd9xfzxxit7vagwa3m4byq	.eJxVjEEOwiAQRe_C2pCBFhCX7j0DmWGmUjU0Ke3KeHfbpAvdvvf-f6uE61LS2mROI6uLMkadfiFhfkrdDT-w3iedp7rMI-k90Ydt-jaxvK5H-3dQsJVtLSgxRDAMpicrIRrKjJBdpkhg0QRyHobgXfR47niIG3bQYwfMZJ36fAERFjgf:1uBHHF:KOcsWOh1bbOJgNPgMn-rUCk5BB-fYgO65aEwzQvhdLk	2025-05-17 18:07:53.025673+00
hvig6dlvsbc1o6lm7gdiwa0bf51suit8	.eJxVjMsOwiAQRf-FtSEwFAZcuvcbCI9BqgaS0q6M_65NutDtPefcF_NhW6vfBi1-zuzMJDv9bjGkB7Ud5Htot85Tb-syR74r_KCDX3um5-Vw_w5qGPVbK9A42YgJpQUlYrEmobOICKQKkcqEIA1FAEcuaShJikkIQ1rFXBR7fwDAtDdT:1uBHHO:eNwQF2wDkHAV-EuMDA5UiSAZEc-RDKUZVXlExc8ZKJM	2025-05-17 18:08:02.16774+00
\.


--
-- Data for Name: web_column; Type: TABLE DATA; Schema: public; Owner: laba2_user
--

COPY public.web_column (id, name) FROM stdin;
\.


--
-- Data for Name: web_columnproject; Type: TABLE DATA; Schema: public; Owner: laba2_user
--

COPY public.web_columnproject (id, column_id, project_id) FROM stdin;
\.


--
-- Data for Name: web_columntask; Type: TABLE DATA; Schema: public; Owner: laba2_user
--

COPY public.web_columntask (id, column_id, task_id) FROM stdin;
\.


--
-- Data for Name: web_customuser; Type: TABLE DATA; Schema: public; Owner: laba2_user
--

COPY public.web_customuser (id, password, last_login, is_superuser, username, email, fio, image, "position", phone, role, is_active, is_staff) FROM stdin;
8	user1	2025-05-03 17:54:41+00	f	user1	user1@ma.tata	Мальцев Максим Александрович		Разработчик	+123456789	employee	t	f
9	user2	2025-05-03 17:55:49+00	f	user2	user2@ma.tata	Попова Ярослава Арсентьевна		Разработчик полного стека	+123456789	employee	t	f
10	user3	2025-05-03 17:56:30+00	f	user3	user3@ma.tata	Медведев Алексей Саввич		Младший PHP-разработчик	+123456789	employee	t	f
11	pbkdf2_sha256$870000$2HwopSo6vx2133WXHlJYdp$k5gwC4og6r6wdMObgGgk61LyIFJbPI5DuYI8Ka68zBs=	2025-05-03 18:07:53.046199+00	f	user5	user5@ma.tata	Мальцев Петр Петрович			\N	employee	t	f
1	pbkdf2_sha256$870000$DY7wk1KkUi3CL29verc6Ty$Ed3q2K5KQfoU8PrKtZu4mPNbJEH3MISf45X3IZaafgI=	2025-05-03 18:08:02.156279+00	t	admin	ad@mi.nn	Admin			\N	manager	t	t
6	manager	2025-05-03 17:51:35+00	f	manager	data@ma.tata	Иванов Иван Иванович	img/account_avatars/30780_big_md_1x.jpg	Проектный менеджер	+123456789	manager	t	f
7	teamlead	2025-05-03 17:53:22+00	f	teamlead	data2@ma.tata	Петров Петр Петрович	img/account_avatars/30780_big_md_1x_h9anrBe.jpg	Лидер команды	+123456789	manager	t	f
\.


--
-- Data for Name: web_customuser_groups; Type: TABLE DATA; Schema: public; Owner: laba2_user
--

COPY public.web_customuser_groups (id, customuser_id, group_id) FROM stdin;
\.


--
-- Data for Name: web_customuser_user_permissions; Type: TABLE DATA; Schema: public; Owner: laba2_user
--

COPY public.web_customuser_user_permissions (id, customuser_id, permission_id) FROM stdin;
\.


--
-- Data for Name: web_feedback; Type: TABLE DATA; Schema: public; Owner: laba2_user
--

COPY public.web_feedback (id, name, last_name, email, phone, message, created_at) FROM stdin;
\.


--
-- Data for Name: web_project; Type: TABLE DATA; Schema: public; Owner: laba2_user
--

COPY public.web_project (id, title, description, date_create, deadline, is_done, manager_id) FROM stdin;
7	Разработка системы контроля задач	Не задано	2025-05-03 17:57:16+00	2025-05-05 17:57:44+00	f	6
8	Разработка нейросети для анализа продуктивности сотрудников	Не задано	2025-05-03 18:00:26+00	2025-05-05 18:01:06+00	f	7
\.


--
-- Data for Name: web_project_employees; Type: TABLE DATA; Schema: public; Owner: laba2_user
--

COPY public.web_project_employees (id, project_id, customuser_id) FROM stdin;
10	7	9
11	8	8
12	8	10
13	8	11
\.


--
-- Data for Name: web_project_tasks; Type: TABLE DATA; Schema: public; Owner: laba2_user
--

COPY public.web_project_tasks (id, project_id, task_id) FROM stdin;
9	7	3
10	7	4
11	8	5
12	8	6
\.


--
-- Data for Name: web_task; Type: TABLE DATA; Schema: public; Owner: laba2_user
--

COPY public.web_task (id, title, description, priority, date_added, deadline, is_done, user_id) FROM stdin;
4	Разработка дизайна	Не задано	2	2025-05-03 17:59:32+00	2025-05-04 17:59:52+00	f	9
6	Обучение модели	Не задано	3	2025-05-03 18:01:35+00	2025-05-05 18:01:51+00	f	10
3	Разработка БД	Не задано	3	2025-05-03 17:58:04+00	2025-05-04 17:58:44+00	t	9
5	Разметка данных	Не задано	2	2025-05-03 18:01:09+00	2025-05-04 18:01:25+00	f	11
\.


--
-- Data for Name: web_task_tags; Type: TABLE DATA; Schema: public; Owner: laba2_user
--

COPY public.web_task_tags (id, task_id, tasktag_id) FROM stdin;
3	3	2
4	4	3
5	5	2
6	6	2
\.


--
-- Data for Name: web_taskcomment; Type: TABLE DATA; Schema: public; Owner: laba2_user
--

COPY public.web_taskcomment (id, date_sent, comment_text, author_id, task_id) FROM stdin;
\.


--
-- Data for Name: web_taskemployee; Type: TABLE DATA; Schema: public; Owner: laba2_user
--

COPY public.web_taskemployee (id, date_task_take, date_task_close, employee_id, task_id) FROM stdin;
2	2025-05-03 18:04:29+00	2025-05-04 18:04:34+00	9	3
3	2025-05-03 18:04:50+00	2025-05-05 08:04:55+00	11	5
\.


--
-- Data for Name: web_tasktag; Type: TABLE DATA; Schema: public; Owner: laba2_user
--

COPY public.web_tasktag (id, title, user_id) FROM stdin;
2	Данные	6
3	UI\\UX	6
\.


--
-- Name: auth_group_id_seq; Type: SEQUENCE SET; Schema: public; Owner: laba2_user
--

SELECT pg_catalog.setval('public.auth_group_id_seq', 1, false);


--
-- Name: auth_group_permissions_id_seq; Type: SEQUENCE SET; Schema: public; Owner: laba2_user
--

SELECT pg_catalog.setval('public.auth_group_permissions_id_seq', 1, false);


--
-- Name: auth_permission_id_seq; Type: SEQUENCE SET; Schema: public; Owner: laba2_user
--

SELECT pg_catalog.setval('public.auth_permission_id_seq', 60, true);


--
-- Name: django_admin_log_id_seq; Type: SEQUENCE SET; Schema: public; Owner: laba2_user
--

SELECT pg_catalog.setval('public.django_admin_log_id_seq', 96, true);


--
-- Name: django_content_type_id_seq; Type: SEQUENCE SET; Schema: public; Owner: laba2_user
--

SELECT pg_catalog.setval('public.django_content_type_id_seq', 15, true);


--
-- Name: django_migrations_id_seq; Type: SEQUENCE SET; Schema: public; Owner: laba2_user
--

SELECT pg_catalog.setval('public.django_migrations_id_seq', 23, true);


--
-- Name: web_column_id_seq; Type: SEQUENCE SET; Schema: public; Owner: laba2_user
--

SELECT pg_catalog.setval('public.web_column_id_seq', 1, false);


--
-- Name: web_columnproject_id_seq; Type: SEQUENCE SET; Schema: public; Owner: laba2_user
--

SELECT pg_catalog.setval('public.web_columnproject_id_seq', 1, false);


--
-- Name: web_columntask_id_seq; Type: SEQUENCE SET; Schema: public; Owner: laba2_user
--

SELECT pg_catalog.setval('public.web_columntask_id_seq', 1, false);


--
-- Name: web_customuser_groups_id_seq; Type: SEQUENCE SET; Schema: public; Owner: laba2_user
--

SELECT pg_catalog.setval('public.web_customuser_groups_id_seq', 1, false);


--
-- Name: web_customuser_id_seq; Type: SEQUENCE SET; Schema: public; Owner: laba2_user
--

SELECT pg_catalog.setval('public.web_customuser_id_seq', 11, true);


--
-- Name: web_customuser_user_permissions_id_seq; Type: SEQUENCE SET; Schema: public; Owner: laba2_user
--

SELECT pg_catalog.setval('public.web_customuser_user_permissions_id_seq', 1, false);


--
-- Name: web_feedback_id_seq; Type: SEQUENCE SET; Schema: public; Owner: laba2_user
--

SELECT pg_catalog.setval('public.web_feedback_id_seq', 1, false);


--
-- Name: web_project_employees_id_seq; Type: SEQUENCE SET; Schema: public; Owner: laba2_user
--

SELECT pg_catalog.setval('public.web_project_employees_id_seq', 13, true);


--
-- Name: web_project_id_seq; Type: SEQUENCE SET; Schema: public; Owner: laba2_user
--

SELECT pg_catalog.setval('public.web_project_id_seq', 8, true);


--
-- Name: web_project_tasks_id_seq; Type: SEQUENCE SET; Schema: public; Owner: laba2_user
--

SELECT pg_catalog.setval('public.web_project_tasks_id_seq', 12, true);


--
-- Name: web_task_id_seq; Type: SEQUENCE SET; Schema: public; Owner: laba2_user
--

SELECT pg_catalog.setval('public.web_task_id_seq', 6, true);


--
-- Name: web_task_tags_id_seq; Type: SEQUENCE SET; Schema: public; Owner: laba2_user
--

SELECT pg_catalog.setval('public.web_task_tags_id_seq', 6, true);


--
-- Name: web_taskcomment_id_seq; Type: SEQUENCE SET; Schema: public; Owner: laba2_user
--

SELECT pg_catalog.setval('public.web_taskcomment_id_seq', 1, false);


--
-- Name: web_taskemployee_id_seq; Type: SEQUENCE SET; Schema: public; Owner: laba2_user
--

SELECT pg_catalog.setval('public.web_taskemployee_id_seq', 3, true);


--
-- Name: web_tasktag_id_seq; Type: SEQUENCE SET; Schema: public; Owner: laba2_user
--

SELECT pg_catalog.setval('public.web_tasktag_id_seq', 3, true);


--
-- Name: auth_group auth_group_name_key; Type: CONSTRAINT; Schema: public; Owner: laba2_user
--

ALTER TABLE ONLY public.auth_group
    ADD CONSTRAINT auth_group_name_key UNIQUE (name);


--
-- Name: auth_group_permissions auth_group_permissions_group_id_permission_id_0cd325b0_uniq; Type: CONSTRAINT; Schema: public; Owner: laba2_user
--

ALTER TABLE ONLY public.auth_group_permissions
    ADD CONSTRAINT auth_group_permissions_group_id_permission_id_0cd325b0_uniq UNIQUE (group_id, permission_id);


--
-- Name: auth_group_permissions auth_group_permissions_pkey; Type: CONSTRAINT; Schema: public; Owner: laba2_user
--

ALTER TABLE ONLY public.auth_group_permissions
    ADD CONSTRAINT auth_group_permissions_pkey PRIMARY KEY (id);


--
-- Name: auth_group auth_group_pkey; Type: CONSTRAINT; Schema: public; Owner: laba2_user
--

ALTER TABLE ONLY public.auth_group
    ADD CONSTRAINT auth_group_pkey PRIMARY KEY (id);


--
-- Name: auth_permission auth_permission_content_type_id_codename_01ab375a_uniq; Type: CONSTRAINT; Schema: public; Owner: laba2_user
--

ALTER TABLE ONLY public.auth_permission
    ADD CONSTRAINT auth_permission_content_type_id_codename_01ab375a_uniq UNIQUE (content_type_id, codename);


--
-- Name: auth_permission auth_permission_pkey; Type: CONSTRAINT; Schema: public; Owner: laba2_user
--

ALTER TABLE ONLY public.auth_permission
    ADD CONSTRAINT auth_permission_pkey PRIMARY KEY (id);


--
-- Name: django_admin_log django_admin_log_pkey; Type: CONSTRAINT; Schema: public; Owner: laba2_user
--

ALTER TABLE ONLY public.django_admin_log
    ADD CONSTRAINT django_admin_log_pkey PRIMARY KEY (id);


--
-- Name: django_content_type django_content_type_app_label_model_76bd3d3b_uniq; Type: CONSTRAINT; Schema: public; Owner: laba2_user
--

ALTER TABLE ONLY public.django_content_type
    ADD CONSTRAINT django_content_type_app_label_model_76bd3d3b_uniq UNIQUE (app_label, model);


--
-- Name: django_content_type django_content_type_pkey; Type: CONSTRAINT; Schema: public; Owner: laba2_user
--

ALTER TABLE ONLY public.django_content_type
    ADD CONSTRAINT django_content_type_pkey PRIMARY KEY (id);


--
-- Name: django_migrations django_migrations_pkey; Type: CONSTRAINT; Schema: public; Owner: laba2_user
--

ALTER TABLE ONLY public.django_migrations
    ADD CONSTRAINT django_migrations_pkey PRIMARY KEY (id);


--
-- Name: django_session django_session_pkey; Type: CONSTRAINT; Schema: public; Owner: laba2_user
--

ALTER TABLE ONLY public.django_session
    ADD CONSTRAINT django_session_pkey PRIMARY KEY (session_key);


--
-- Name: web_column web_column_pkey; Type: CONSTRAINT; Schema: public; Owner: laba2_user
--

ALTER TABLE ONLY public.web_column
    ADD CONSTRAINT web_column_pkey PRIMARY KEY (id);


--
-- Name: web_columnproject web_columnproject_pkey; Type: CONSTRAINT; Schema: public; Owner: laba2_user
--

ALTER TABLE ONLY public.web_columnproject
    ADD CONSTRAINT web_columnproject_pkey PRIMARY KEY (id);


--
-- Name: web_columntask web_columntask_pkey; Type: CONSTRAINT; Schema: public; Owner: laba2_user
--

ALTER TABLE ONLY public.web_columntask
    ADD CONSTRAINT web_columntask_pkey PRIMARY KEY (id);


--
-- Name: web_customuser web_customuser_email_key; Type: CONSTRAINT; Schema: public; Owner: laba2_user
--

ALTER TABLE ONLY public.web_customuser
    ADD CONSTRAINT web_customuser_email_key UNIQUE (email);


--
-- Name: web_customuser_groups web_customuser_groups_customuser_id_group_id_504bdc3d_uniq; Type: CONSTRAINT; Schema: public; Owner: laba2_user
--

ALTER TABLE ONLY public.web_customuser_groups
    ADD CONSTRAINT web_customuser_groups_customuser_id_group_id_504bdc3d_uniq UNIQUE (customuser_id, group_id);


--
-- Name: web_customuser_groups web_customuser_groups_pkey; Type: CONSTRAINT; Schema: public; Owner: laba2_user
--

ALTER TABLE ONLY public.web_customuser_groups
    ADD CONSTRAINT web_customuser_groups_pkey PRIMARY KEY (id);


--
-- Name: web_customuser web_customuser_pkey; Type: CONSTRAINT; Schema: public; Owner: laba2_user
--

ALTER TABLE ONLY public.web_customuser
    ADD CONSTRAINT web_customuser_pkey PRIMARY KEY (id);


--
-- Name: web_customuser_user_permissions web_customuser_user_perm_customuser_id_permission_a927e0c1_uniq; Type: CONSTRAINT; Schema: public; Owner: laba2_user
--

ALTER TABLE ONLY public.web_customuser_user_permissions
    ADD CONSTRAINT web_customuser_user_perm_customuser_id_permission_a927e0c1_uniq UNIQUE (customuser_id, permission_id);


--
-- Name: web_customuser_user_permissions web_customuser_user_permissions_pkey; Type: CONSTRAINT; Schema: public; Owner: laba2_user
--

ALTER TABLE ONLY public.web_customuser_user_permissions
    ADD CONSTRAINT web_customuser_user_permissions_pkey PRIMARY KEY (id);


--
-- Name: web_customuser web_customuser_username_key; Type: CONSTRAINT; Schema: public; Owner: laba2_user
--

ALTER TABLE ONLY public.web_customuser
    ADD CONSTRAINT web_customuser_username_key UNIQUE (username);


--
-- Name: web_feedback web_feedback_pkey; Type: CONSTRAINT; Schema: public; Owner: laba2_user
--

ALTER TABLE ONLY public.web_feedback
    ADD CONSTRAINT web_feedback_pkey PRIMARY KEY (id);


--
-- Name: web_project_employees web_project_employees_pkey; Type: CONSTRAINT; Schema: public; Owner: laba2_user
--

ALTER TABLE ONLY public.web_project_employees
    ADD CONSTRAINT web_project_employees_pkey PRIMARY KEY (id);


--
-- Name: web_project_employees web_project_employees_project_id_customuser_id_6866d2e2_uniq; Type: CONSTRAINT; Schema: public; Owner: laba2_user
--

ALTER TABLE ONLY public.web_project_employees
    ADD CONSTRAINT web_project_employees_project_id_customuser_id_6866d2e2_uniq UNIQUE (project_id, customuser_id);


--
-- Name: web_project web_project_pkey; Type: CONSTRAINT; Schema: public; Owner: laba2_user
--

ALTER TABLE ONLY public.web_project
    ADD CONSTRAINT web_project_pkey PRIMARY KEY (id);


--
-- Name: web_project_tasks web_project_tasks_pkey; Type: CONSTRAINT; Schema: public; Owner: laba2_user
--

ALTER TABLE ONLY public.web_project_tasks
    ADD CONSTRAINT web_project_tasks_pkey PRIMARY KEY (id);


--
-- Name: web_project_tasks web_project_tasks_project_id_task_id_ac2cc953_uniq; Type: CONSTRAINT; Schema: public; Owner: laba2_user
--

ALTER TABLE ONLY public.web_project_tasks
    ADD CONSTRAINT web_project_tasks_project_id_task_id_ac2cc953_uniq UNIQUE (project_id, task_id);


--
-- Name: web_task web_task_pkey; Type: CONSTRAINT; Schema: public; Owner: laba2_user
--

ALTER TABLE ONLY public.web_task
    ADD CONSTRAINT web_task_pkey PRIMARY KEY (id);


--
-- Name: web_task_tags web_task_tags_pkey; Type: CONSTRAINT; Schema: public; Owner: laba2_user
--

ALTER TABLE ONLY public.web_task_tags
    ADD CONSTRAINT web_task_tags_pkey PRIMARY KEY (id);


--
-- Name: web_task_tags web_task_tags_task_id_tasktag_id_7d5f38e0_uniq; Type: CONSTRAINT; Schema: public; Owner: laba2_user
--

ALTER TABLE ONLY public.web_task_tags
    ADD CONSTRAINT web_task_tags_task_id_tasktag_id_7d5f38e0_uniq UNIQUE (task_id, tasktag_id);


--
-- Name: web_taskcomment web_taskcomment_pkey; Type: CONSTRAINT; Schema: public; Owner: laba2_user
--

ALTER TABLE ONLY public.web_taskcomment
    ADD CONSTRAINT web_taskcomment_pkey PRIMARY KEY (id);


--
-- Name: web_taskemployee web_taskemployee_pkey; Type: CONSTRAINT; Schema: public; Owner: laba2_user
--

ALTER TABLE ONLY public.web_taskemployee
    ADD CONSTRAINT web_taskemployee_pkey PRIMARY KEY (id);


--
-- Name: web_taskemployee web_taskemployee_task_id_employee_id_aab895e3_uniq; Type: CONSTRAINT; Schema: public; Owner: laba2_user
--

ALTER TABLE ONLY public.web_taskemployee
    ADD CONSTRAINT web_taskemployee_task_id_employee_id_aab895e3_uniq UNIQUE (task_id, employee_id);


--
-- Name: web_tasktag web_tasktag_pkey; Type: CONSTRAINT; Schema: public; Owner: laba2_user
--

ALTER TABLE ONLY public.web_tasktag
    ADD CONSTRAINT web_tasktag_pkey PRIMARY KEY (id);


--
-- Name: auth_group_name_a6ea08ec_like; Type: INDEX; Schema: public; Owner: laba2_user
--

CREATE INDEX auth_group_name_a6ea08ec_like ON public.auth_group USING btree (name varchar_pattern_ops);


--
-- Name: auth_group_permissions_group_id_b120cbf9; Type: INDEX; Schema: public; Owner: laba2_user
--

CREATE INDEX auth_group_permissions_group_id_b120cbf9 ON public.auth_group_permissions USING btree (group_id);


--
-- Name: auth_group_permissions_permission_id_84c5c92e; Type: INDEX; Schema: public; Owner: laba2_user
--

CREATE INDEX auth_group_permissions_permission_id_84c5c92e ON public.auth_group_permissions USING btree (permission_id);


--
-- Name: auth_permission_content_type_id_2f476e4b; Type: INDEX; Schema: public; Owner: laba2_user
--

CREATE INDEX auth_permission_content_type_id_2f476e4b ON public.auth_permission USING btree (content_type_id);


--
-- Name: django_admin_log_content_type_id_c4bce8eb; Type: INDEX; Schema: public; Owner: laba2_user
--

CREATE INDEX django_admin_log_content_type_id_c4bce8eb ON public.django_admin_log USING btree (content_type_id);


--
-- Name: django_admin_log_user_id_c564eba6; Type: INDEX; Schema: public; Owner: laba2_user
--

CREATE INDEX django_admin_log_user_id_c564eba6 ON public.django_admin_log USING btree (user_id);


--
-- Name: django_session_expire_date_a5c62663; Type: INDEX; Schema: public; Owner: laba2_user
--

CREATE INDEX django_session_expire_date_a5c62663 ON public.django_session USING btree (expire_date);


--
-- Name: django_session_session_key_c0390e0f_like; Type: INDEX; Schema: public; Owner: laba2_user
--

CREATE INDEX django_session_session_key_c0390e0f_like ON public.django_session USING btree (session_key varchar_pattern_ops);


--
-- Name: web_columnproject_column_id_83aa0d9c; Type: INDEX; Schema: public; Owner: laba2_user
--

CREATE INDEX web_columnproject_column_id_83aa0d9c ON public.web_columnproject USING btree (column_id);


--
-- Name: web_columnproject_project_id_db3f195f; Type: INDEX; Schema: public; Owner: laba2_user
--

CREATE INDEX web_columnproject_project_id_db3f195f ON public.web_columnproject USING btree (project_id);


--
-- Name: web_columntask_column_id_4aa275cb; Type: INDEX; Schema: public; Owner: laba2_user
--

CREATE INDEX web_columntask_column_id_4aa275cb ON public.web_columntask USING btree (column_id);


--
-- Name: web_columntask_task_id_e42b9cd1; Type: INDEX; Schema: public; Owner: laba2_user
--

CREATE INDEX web_columntask_task_id_e42b9cd1 ON public.web_columntask USING btree (task_id);


--
-- Name: web_customuser_email_7b82befb_like; Type: INDEX; Schema: public; Owner: laba2_user
--

CREATE INDEX web_customuser_email_7b82befb_like ON public.web_customuser USING btree (email varchar_pattern_ops);


--
-- Name: web_customuser_groups_customuser_id_9b70b4d6; Type: INDEX; Schema: public; Owner: laba2_user
--

CREATE INDEX web_customuser_groups_customuser_id_9b70b4d6 ON public.web_customuser_groups USING btree (customuser_id);


--
-- Name: web_customuser_groups_group_id_6e32ee0f; Type: INDEX; Schema: public; Owner: laba2_user
--

CREATE INDEX web_customuser_groups_group_id_6e32ee0f ON public.web_customuser_groups USING btree (group_id);


--
-- Name: web_customuser_user_permissions_customuser_id_f1fe5c71; Type: INDEX; Schema: public; Owner: laba2_user
--

CREATE INDEX web_customuser_user_permissions_customuser_id_f1fe5c71 ON public.web_customuser_user_permissions USING btree (customuser_id);


--
-- Name: web_customuser_user_permissions_permission_id_ccd3434e; Type: INDEX; Schema: public; Owner: laba2_user
--

CREATE INDEX web_customuser_user_permissions_permission_id_ccd3434e ON public.web_customuser_user_permissions USING btree (permission_id);


--
-- Name: web_customuser_username_cbc1c060_like; Type: INDEX; Schema: public; Owner: laba2_user
--

CREATE INDEX web_customuser_username_cbc1c060_like ON public.web_customuser USING btree (username varchar_pattern_ops);


--
-- Name: web_project_employees_customuser_id_3c559001; Type: INDEX; Schema: public; Owner: laba2_user
--

CREATE INDEX web_project_employees_customuser_id_3c559001 ON public.web_project_employees USING btree (customuser_id);


--
-- Name: web_project_employees_project_id_4e110cac; Type: INDEX; Schema: public; Owner: laba2_user
--

CREATE INDEX web_project_employees_project_id_4e110cac ON public.web_project_employees USING btree (project_id);


--
-- Name: web_project_manager_id_2c462ccb; Type: INDEX; Schema: public; Owner: laba2_user
--

CREATE INDEX web_project_manager_id_2c462ccb ON public.web_project USING btree (manager_id);


--
-- Name: web_project_tasks_project_id_66dc10da; Type: INDEX; Schema: public; Owner: laba2_user
--

CREATE INDEX web_project_tasks_project_id_66dc10da ON public.web_project_tasks USING btree (project_id);


--
-- Name: web_project_tasks_task_id_19143608; Type: INDEX; Schema: public; Owner: laba2_user
--

CREATE INDEX web_project_tasks_task_id_19143608 ON public.web_project_tasks USING btree (task_id);


--
-- Name: web_task_tags_task_id_8d205a73; Type: INDEX; Schema: public; Owner: laba2_user
--

CREATE INDEX web_task_tags_task_id_8d205a73 ON public.web_task_tags USING btree (task_id);


--
-- Name: web_task_tags_tasktag_id_21f4c559; Type: INDEX; Schema: public; Owner: laba2_user
--

CREATE INDEX web_task_tags_tasktag_id_21f4c559 ON public.web_task_tags USING btree (tasktag_id);


--
-- Name: web_task_user_id_d4438ea5; Type: INDEX; Schema: public; Owner: laba2_user
--

CREATE INDEX web_task_user_id_d4438ea5 ON public.web_task USING btree (user_id);


--
-- Name: web_taskcomment_author_id_2a1a69a7; Type: INDEX; Schema: public; Owner: laba2_user
--

CREATE INDEX web_taskcomment_author_id_2a1a69a7 ON public.web_taskcomment USING btree (author_id);


--
-- Name: web_taskcomment_task_id_81719151; Type: INDEX; Schema: public; Owner: laba2_user
--

CREATE INDEX web_taskcomment_task_id_81719151 ON public.web_taskcomment USING btree (task_id);


--
-- Name: web_taskemployee_employee_id_9db8f222; Type: INDEX; Schema: public; Owner: laba2_user
--

CREATE INDEX web_taskemployee_employee_id_9db8f222 ON public.web_taskemployee USING btree (employee_id);


--
-- Name: web_taskemployee_task_id_cb198d0f; Type: INDEX; Schema: public; Owner: laba2_user
--

CREATE INDEX web_taskemployee_task_id_cb198d0f ON public.web_taskemployee USING btree (task_id);


--
-- Name: web_tasktag_user_id_9bf74278; Type: INDEX; Schema: public; Owner: laba2_user
--

CREATE INDEX web_tasktag_user_id_9bf74278 ON public.web_tasktag USING btree (user_id);


--
-- Name: auth_group_permissions auth_group_permissio_permission_id_84c5c92e_fk_auth_perm; Type: FK CONSTRAINT; Schema: public; Owner: laba2_user
--

ALTER TABLE ONLY public.auth_group_permissions
    ADD CONSTRAINT auth_group_permissio_permission_id_84c5c92e_fk_auth_perm FOREIGN KEY (permission_id) REFERENCES public.auth_permission(id) DEFERRABLE INITIALLY DEFERRED;


--
-- Name: auth_group_permissions auth_group_permissions_group_id_b120cbf9_fk_auth_group_id; Type: FK CONSTRAINT; Schema: public; Owner: laba2_user
--

ALTER TABLE ONLY public.auth_group_permissions
    ADD CONSTRAINT auth_group_permissions_group_id_b120cbf9_fk_auth_group_id FOREIGN KEY (group_id) REFERENCES public.auth_group(id) DEFERRABLE INITIALLY DEFERRED;


--
-- Name: auth_permission auth_permission_content_type_id_2f476e4b_fk_django_co; Type: FK CONSTRAINT; Schema: public; Owner: laba2_user
--

ALTER TABLE ONLY public.auth_permission
    ADD CONSTRAINT auth_permission_content_type_id_2f476e4b_fk_django_co FOREIGN KEY (content_type_id) REFERENCES public.django_content_type(id) DEFERRABLE INITIALLY DEFERRED;


--
-- Name: django_admin_log django_admin_log_content_type_id_c4bce8eb_fk_django_co; Type: FK CONSTRAINT; Schema: public; Owner: laba2_user
--

ALTER TABLE ONLY public.django_admin_log
    ADD CONSTRAINT django_admin_log_content_type_id_c4bce8eb_fk_django_co FOREIGN KEY (content_type_id) REFERENCES public.django_content_type(id) DEFERRABLE INITIALLY DEFERRED;


--
-- Name: django_admin_log django_admin_log_user_id_c564eba6_fk_web_customuser_id; Type: FK CONSTRAINT; Schema: public; Owner: laba2_user
--

ALTER TABLE ONLY public.django_admin_log
    ADD CONSTRAINT django_admin_log_user_id_c564eba6_fk_web_customuser_id FOREIGN KEY (user_id) REFERENCES public.web_customuser(id) DEFERRABLE INITIALLY DEFERRED;


--
-- Name: web_columnproject web_columnproject_column_id_83aa0d9c_fk_web_column_id; Type: FK CONSTRAINT; Schema: public; Owner: laba2_user
--

ALTER TABLE ONLY public.web_columnproject
    ADD CONSTRAINT web_columnproject_column_id_83aa0d9c_fk_web_column_id FOREIGN KEY (column_id) REFERENCES public.web_column(id) DEFERRABLE INITIALLY DEFERRED;


--
-- Name: web_columnproject web_columnproject_project_id_db3f195f_fk_web_project_id; Type: FK CONSTRAINT; Schema: public; Owner: laba2_user
--

ALTER TABLE ONLY public.web_columnproject
    ADD CONSTRAINT web_columnproject_project_id_db3f195f_fk_web_project_id FOREIGN KEY (project_id) REFERENCES public.web_project(id) DEFERRABLE INITIALLY DEFERRED;


--
-- Name: web_columntask web_columntask_column_id_4aa275cb_fk_web_column_id; Type: FK CONSTRAINT; Schema: public; Owner: laba2_user
--

ALTER TABLE ONLY public.web_columntask
    ADD CONSTRAINT web_columntask_column_id_4aa275cb_fk_web_column_id FOREIGN KEY (column_id) REFERENCES public.web_column(id) DEFERRABLE INITIALLY DEFERRED;


--
-- Name: web_columntask web_columntask_task_id_e42b9cd1_fk_web_task_id; Type: FK CONSTRAINT; Schema: public; Owner: laba2_user
--

ALTER TABLE ONLY public.web_columntask
    ADD CONSTRAINT web_columntask_task_id_e42b9cd1_fk_web_task_id FOREIGN KEY (task_id) REFERENCES public.web_task(id) DEFERRABLE INITIALLY DEFERRED;


--
-- Name: web_customuser_groups web_customuser_group_customuser_id_9b70b4d6_fk_web_custo; Type: FK CONSTRAINT; Schema: public; Owner: laba2_user
--

ALTER TABLE ONLY public.web_customuser_groups
    ADD CONSTRAINT web_customuser_group_customuser_id_9b70b4d6_fk_web_custo FOREIGN KEY (customuser_id) REFERENCES public.web_customuser(id) DEFERRABLE INITIALLY DEFERRED;


--
-- Name: web_customuser_groups web_customuser_groups_group_id_6e32ee0f_fk_auth_group_id; Type: FK CONSTRAINT; Schema: public; Owner: laba2_user
--

ALTER TABLE ONLY public.web_customuser_groups
    ADD CONSTRAINT web_customuser_groups_group_id_6e32ee0f_fk_auth_group_id FOREIGN KEY (group_id) REFERENCES public.auth_group(id) DEFERRABLE INITIALLY DEFERRED;


--
-- Name: web_customuser_user_permissions web_customuser_user__customuser_id_f1fe5c71_fk_web_custo; Type: FK CONSTRAINT; Schema: public; Owner: laba2_user
--

ALTER TABLE ONLY public.web_customuser_user_permissions
    ADD CONSTRAINT web_customuser_user__customuser_id_f1fe5c71_fk_web_custo FOREIGN KEY (customuser_id) REFERENCES public.web_customuser(id) DEFERRABLE INITIALLY DEFERRED;


--
-- Name: web_customuser_user_permissions web_customuser_user__permission_id_ccd3434e_fk_auth_perm; Type: FK CONSTRAINT; Schema: public; Owner: laba2_user
--

ALTER TABLE ONLY public.web_customuser_user_permissions
    ADD CONSTRAINT web_customuser_user__permission_id_ccd3434e_fk_auth_perm FOREIGN KEY (permission_id) REFERENCES public.auth_permission(id) DEFERRABLE INITIALLY DEFERRED;


--
-- Name: web_project_employees web_project_employee_customuser_id_3c559001_fk_web_custo; Type: FK CONSTRAINT; Schema: public; Owner: laba2_user
--

ALTER TABLE ONLY public.web_project_employees
    ADD CONSTRAINT web_project_employee_customuser_id_3c559001_fk_web_custo FOREIGN KEY (customuser_id) REFERENCES public.web_customuser(id) DEFERRABLE INITIALLY DEFERRED;


--
-- Name: web_project_employees web_project_employees_project_id_4e110cac_fk_web_project_id; Type: FK CONSTRAINT; Schema: public; Owner: laba2_user
--

ALTER TABLE ONLY public.web_project_employees
    ADD CONSTRAINT web_project_employees_project_id_4e110cac_fk_web_project_id FOREIGN KEY (project_id) REFERENCES public.web_project(id) DEFERRABLE INITIALLY DEFERRED;


--
-- Name: web_project web_project_manager_id_2c462ccb_fk_web_customuser_id; Type: FK CONSTRAINT; Schema: public; Owner: laba2_user
--

ALTER TABLE ONLY public.web_project
    ADD CONSTRAINT web_project_manager_id_2c462ccb_fk_web_customuser_id FOREIGN KEY (manager_id) REFERENCES public.web_customuser(id) DEFERRABLE INITIALLY DEFERRED;


--
-- Name: web_project_tasks web_project_tasks_project_id_66dc10da_fk_web_project_id; Type: FK CONSTRAINT; Schema: public; Owner: laba2_user
--

ALTER TABLE ONLY public.web_project_tasks
    ADD CONSTRAINT web_project_tasks_project_id_66dc10da_fk_web_project_id FOREIGN KEY (project_id) REFERENCES public.web_project(id) DEFERRABLE INITIALLY DEFERRED;


--
-- Name: web_project_tasks web_project_tasks_task_id_19143608_fk_web_task_id; Type: FK CONSTRAINT; Schema: public; Owner: laba2_user
--

ALTER TABLE ONLY public.web_project_tasks
    ADD CONSTRAINT web_project_tasks_task_id_19143608_fk_web_task_id FOREIGN KEY (task_id) REFERENCES public.web_task(id) DEFERRABLE INITIALLY DEFERRED;


--
-- Name: web_task_tags web_task_tags_task_id_8d205a73_fk_web_task_id; Type: FK CONSTRAINT; Schema: public; Owner: laba2_user
--

ALTER TABLE ONLY public.web_task_tags
    ADD CONSTRAINT web_task_tags_task_id_8d205a73_fk_web_task_id FOREIGN KEY (task_id) REFERENCES public.web_task(id) DEFERRABLE INITIALLY DEFERRED;


--
-- Name: web_task_tags web_task_tags_tasktag_id_21f4c559_fk_web_tasktag_id; Type: FK CONSTRAINT; Schema: public; Owner: laba2_user
--

ALTER TABLE ONLY public.web_task_tags
    ADD CONSTRAINT web_task_tags_tasktag_id_21f4c559_fk_web_tasktag_id FOREIGN KEY (tasktag_id) REFERENCES public.web_tasktag(id) DEFERRABLE INITIALLY DEFERRED;


--
-- Name: web_task web_task_user_id_d4438ea5_fk_web_customuser_id; Type: FK CONSTRAINT; Schema: public; Owner: laba2_user
--

ALTER TABLE ONLY public.web_task
    ADD CONSTRAINT web_task_user_id_d4438ea5_fk_web_customuser_id FOREIGN KEY (user_id) REFERENCES public.web_customuser(id) DEFERRABLE INITIALLY DEFERRED;


--
-- Name: web_taskcomment web_taskcomment_author_id_2a1a69a7_fk_web_customuser_id; Type: FK CONSTRAINT; Schema: public; Owner: laba2_user
--

ALTER TABLE ONLY public.web_taskcomment
    ADD CONSTRAINT web_taskcomment_author_id_2a1a69a7_fk_web_customuser_id FOREIGN KEY (author_id) REFERENCES public.web_customuser(id) DEFERRABLE INITIALLY DEFERRED;


--
-- Name: web_taskcomment web_taskcomment_task_id_81719151_fk_web_task_id; Type: FK CONSTRAINT; Schema: public; Owner: laba2_user
--

ALTER TABLE ONLY public.web_taskcomment
    ADD CONSTRAINT web_taskcomment_task_id_81719151_fk_web_task_id FOREIGN KEY (task_id) REFERENCES public.web_task(id) DEFERRABLE INITIALLY DEFERRED;


--
-- Name: web_taskemployee web_taskemployee_employee_id_9db8f222_fk_web_customuser_id; Type: FK CONSTRAINT; Schema: public; Owner: laba2_user
--

ALTER TABLE ONLY public.web_taskemployee
    ADD CONSTRAINT web_taskemployee_employee_id_9db8f222_fk_web_customuser_id FOREIGN KEY (employee_id) REFERENCES public.web_customuser(id) DEFERRABLE INITIALLY DEFERRED;


--
-- Name: web_taskemployee web_taskemployee_task_id_cb198d0f_fk_web_task_id; Type: FK CONSTRAINT; Schema: public; Owner: laba2_user
--

ALTER TABLE ONLY public.web_taskemployee
    ADD CONSTRAINT web_taskemployee_task_id_cb198d0f_fk_web_task_id FOREIGN KEY (task_id) REFERENCES public.web_task(id) DEFERRABLE INITIALLY DEFERRED;


--
-- Name: web_tasktag web_tasktag_user_id_9bf74278_fk_web_customuser_id; Type: FK CONSTRAINT; Schema: public; Owner: laba2_user
--

ALTER TABLE ONLY public.web_tasktag
    ADD CONSTRAINT web_tasktag_user_id_9bf74278_fk_web_customuser_id FOREIGN KEY (user_id) REFERENCES public.web_customuser(id) DEFERRABLE INITIALLY DEFERRED;


--
-- PostgreSQL database dump complete
--

